<?xml version="1.0" encoding="UTF-8"?>
<beans xmlns="http://www.springframework.org/schema/beans"
	xmlns:xsi="http://www.w3.org/2001/XMLSchema-instance"
	xmlns:context="http://www.springframework.org/schema/context"
	xmlns:jee="http://www.springframework.org/schema/jee"
	xmlns:tx="http://www.springframework.org/schema/tx"
	xsi:schemaLocation="
		http://www.springframework.org/schema/beans http://www.springframework.org/schema/beans/spring-beans-4.0.xsd
		http://www.springframework.org/schema/context http://www.springframework.org/schema/context/spring-context-4.0.xsd
		http://www.springframework.org/schema/jee http://www.springframework.org/schema/jee/spring-jee-4.0.xsd
		http://www.springframework.org/schema/tx http://www.springframework.org/schema/tx/spring-tx-4.0.xsd">
	<description>Spring公共配置 </description>
	<!--配置spring上下文注解  -->
	<context:annotation-config/>
	<!--使用annotation 自动注册bean,并保证@Required,@Autowired属性被注入  -->
	<context:component-scan base-package="com.sevenpp.qinglantutor">
	<!--实现controller和其他层分离  -->
		<context:exclude-filter type="annotation" expression="org.springframework.stereotype.Controller"/>
	</context:component-scan>
	<!--dbinfo属性文件的位置  -->
	<context:property-placeholder location="classpath:*.properties"/>
	<!--注入dataSource  -->
	<!-- <bean id="dataSource" class="org.springframework.jdbc.datasource.DriverManagerDataSource">
		<property name="driverClassName" value="${jdbc.driver}"></property>
		<property name="url" value="${jdbc.url}"></property>
		<property name="username" value="${jdbc.username}"></property>
		<property name="password" value="${jdbc.password}"></property>
	</bean> -->
	<!--注入dataSource  -->
	<bean id="dataSource" class="com.alibaba.druid.pool.DruidDataSource" init-method="init" destroy-method="close"> 
     <!-- 基本属性 url、user、password -->
     <property name="driverClassName" value="${jdbc.driver}" />
     <property name="url" value="${jdbc.url}" />
     <property name="username" value="${jdbc.username}" />
     <property name="password" value="${jdbc.password}" />

     <!-- 配置监控统计拦截的filters -->
     <property name="filters" value="stat" />

     <!-- 配置初始化大小、最小、最大 -->
     <property name="maxActive" value="200" />
     <property name="initialSize" value="1" />
     <property name="minIdle" value="1" />

     <!-- 配置获取连接等待超时的时间 -->
     <property name="maxWait" value="60000" />     

     <!-- 配置间隔多久才进行一次检测，检测需要关闭的空闲连接，单位是毫秒 -->
     <property name="timeBetweenEvictionRunsMillis" value="60000" />

     <!-- 配置一个连接在池中最小生存的时间，单位是毫秒 -->
     <property name="minEvictableIdleTimeMillis" value="300000" />

     <property name="testWhileIdle" value="true" />
     <property name="testOnBorrow" value="false" />
     <property name="testOnReturn" value="false" />

     <!-- 打开PSCache，并且指定每个连接上PSCache的大小 -->
     <property name="poolPreparedStatements" value="true" />
     <property name="maxOpenPreparedStatements" value="20" />
 </bean>
	<!--session工厂  -->
	<bean id="sessionFactory" class="org.springframework.orm.hibernate5.LocalSessionFactoryBean">
		<property name="dataSource" ref="dataSource"></property>
		<property name="packagesToScan" value="com.sevenpp.qinglantutor"></property>
		<property name="hibernateProperties">
			<props>
				<!--设置方言  -->
				<prop key="hibernate.dialect">${hibernate.dialect}</prop>
				<prop key="hibernate.show_sql">${hibernate.show_sql}</prop>
				<prop key="hibernate.format_sql">${hibernate.format_sql}</prop>
				<prop key="hibernate.useUnicode">${hibernate.useUnicode}</prop>
				<prop key="hibernate.characterEncoding">${hibernate.characterEncoding}</prop>
				<prop key="current_session_context_class">thread</prop><!--线程  -->
			</props>
		
		</property>
	</bean>
	
</beans>