<?xml version="1.0" encoding="UTF-8"?>
<beans xmlns="http://www.springframework.org/schema/beans"
	xmlns:xsi="http://www.w3.org/2001/XMLSchema-instance"
	xmlns:context="http://www.springframework.org/schema/context"
	xmlns:mvc="http://www.springframework.org/schema/mvc"
	xmlns:tx="http://www.springframework.org/schema/tx"
	xsi:schemaLocation="http://www.springframework.org/schema/mvc http://www.springframework.org/schema/mvc/spring-mvc-4.0.xsd
		http://www.springframework.org/schema/beans http://www.springframework.org/schema/beans/spring-beans-4.0.xsd
		http://www.springframework.org/schema/context http://www.springframework.org/schema/context/spring-context-4.0.xsd
		http://www.springframework.org/schema/tx http://www.springframework.org/schema/tx/spring-tx-4.0.xsd">
	<!--扫描且自动扫描 -->
	<context:component-scan
		base-package="com.sevenpp.qinglantutor">
		<context:include-filter type="annotation"
			expression="org.springframework.stereotype.Controller" />
	</context:component-scan>
	<mvc:default-servlet-handler/>
	<mvc:annotation-driven />
	<!--json  -->
	<mvc:annotation-driven>
    <mvc:message-converters register-defaults="true">
        <bean class="com.alibaba.fastjson.support.spring.FastJsonHttpMessageConverter">
        </bean>
    </mvc:message-converters>
</mvc:annotation-driven>
	
	<!--定义jsp文件的位置 -->
	<bean
		class="org.springframework.web.servlet.view.InternalResourceViewResolver">
		<property name="prefix" value="/"></property>
		<property name="suffix" value=".jsp"></property>
	</bean>
	<!--文件上传的配置 -->
	<!--SpringMVC上传文件时，需要配置MultipartResolver处理器处理器 -->
	<bean id="MultipartResolver"
		class="org.springframework.web.multipart.commons.CommonsMultipartResolver">
		<property name="defaultEncoding" value="UTF-8"></property>
		<!--指定所上传的文件的总大小不能超过200kb -->
		<!--注意maxUploadSize属性的限制不是针对单个文件，而是所有文件的容量之和 -->
		<property name="maxUploadSize" value="200000"></property>
	</bean>
	<!--使用annotation标签定义事务 -->
	<bean id="transactionManager"
		class="org.springframework.orm.hibernate5.HibernateTransactionManager">
		<property name="sessionFactory" ref="sessionFactory"></property>
	</bean>
	<!--配置事务管理器 -->
	<!--proxy-target-class属性值决定是基于接口的还是基于类的代理被创建。如果proxy-target-class 属性值被设置为true，那么基于类的代理将起作用（这时需要cglib库）。 
		如果proxy-target-class属值被设置为false或者这个属性被省略，那么标准的JDK 基于接口的代理 -->
	<tx:annotation-driven
		transaction-manager="transactionManager" proxy-target-class="true" />
</beans>